
{
  "header": {
    "reportVersion": 1,
    "event": "Allocation failed - JavaScript heap out of memory",
    "trigger": "FatalError",
    "filename": "report.20200205.194739.37256.0.001.json",
    "dumpEventTime": "2020-02-05T19:47:39Z",
    "dumpEventTimeStamp": "1580957259327",
    "processId": 37256,
    "cwd": "C:\\Users\\ansabbav\\Documents\\Repos\\Customer-form-new",
    "commandLine": [
      "node",
      "C:\\Users\\ansabbav\\AppData\\Roaming\\npm\\\\node_modules\\@angular\\cli\\bin\\ng",
      "serve",
      "-o",
      "--port",
      "4300"
    ],
    "nodejsVersion": "v12.13.0",
    "wordSize": 64,
    "arch": "x64",
    "platform": "win32",
    "componentVersions": {
      "node": "12.13.0",
      "v8": "7.7.299.13-node.12",
      "uv": "1.32.0",
      "zlib": "1.2.11",
      "brotli": "1.0.7",
      "ares": "1.15.0",
      "modules": "72",
      "nghttp2": "1.39.2",
      "napi": "5",
      "llhttp": "1.1.4",
      "http_parser": "2.8.0",
      "openssl": "1.1.1d",
      "cldr": "35.1",
      "icu": "64.2",
      "tz": "2019a",
      "unicode": "12.1"
    },
    "release": {
      "name": "node",
      "lts": "Erbium",
      "headersUrl": "https://nodejs.org/download/release/v12.13.0/node-v12.13.0-headers.tar.gz",
      "sourceUrl": "https://nodejs.org/download/release/v12.13.0/node-v12.13.0.tar.gz",
      "libUrl": "https://nodejs.org/download/release/v12.13.0/win-x64/node.lib"
    },
    "osName": "Windows_NT",
    "osRelease": "10.0.18362",
    "osVersion": "Windows 10 Enterprise",
    "osMachine": "x86_64",
    "cpus": [
      {
        "model": "Intel(R) Core(TM) i7-6600U CPU @ 2.60GHz",
        "speed": 2808,
        "user": 52397453,
        "nice": 0,
        "sys": 101709250,
        "idle": 1048243921,
        "irq": 9775437
      },
      {
        "model": "Intel(R) Core(TM) i7-6600U CPU @ 2.60GHz",
        "speed": 2808,
        "user": 43091203,
        "nice": 0,
        "sys": 67658703,
        "idle": 1091600375,
        "irq": 3404484
      },
      {
        "model": "Intel(R) Core(TM) i7-6600U CPU @ 2.60GHz",
        "speed": 2808,
        "user": 58125609,
        "nice": 0,
        "sys": 102911218,
        "idle": 1041313437,
        "irq": 4446703
      },
      {
        "model": "Intel(R) Core(TM) i7-6600U CPU @ 2.60GHz",
        "speed": 2808,
        "user": 55138265,
        "nice": 0,
        "sys": 79568796,
        "idle": 1067643203,
        "irq": 3717203
      }
    ],
    "networkInterfaces": [
      {
        "name": "Local Area Connection",
        "internal": false,
        "mac": "02:00:00:00:01:00",
        "address": "fe80::92f:8cd9:4757:8bb9",
        "netmask": "ffff:ffff:ffff:ffff::",
        "family": "IPv6",
        "scopeid": 12
      },
      {
        "name": "Local Area Connection",
        "internal": false,
        "mac": "02:00:00:00:01:00",
        "address": "10.128.216.15",
        "netmask": "255.255.248.0",
        "family": "IPv4"
      },
      {
        "name": "Wi-Fi",
        "internal": false,
        "mac": "14:ab:c5:52:f1:7f",
        "address": "fe80::7012:a8ce:61c2:851f",
        "netmask": "ffff:ffff:ffff:ffff::",
        "family": "IPv6",
        "scopeid": 3
      },
      {
        "name": "Wi-Fi",
        "internal": false,
        "mac": "14:ab:c5:52:f1:7f",
        "address": "192.168.0.57",
        "netmask": "255.255.255.0",
        "family": "IPv4"
      },
      {
        "name": "Loopback Pseudo-Interface 1",
        "internal": true,
        "mac": "00:00:00:00:00:00",
        "address": "::1",
        "netmask": "ffff:ffff:ffff:ffff:ffff:ffff:ffff:ffff",
        "family": "IPv6",
        "scopeid": 0
      },
      {
        "name": "Loopback Pseudo-Interface 1",
        "internal": true,
        "mac": "00:00:00:00:00:00",
        "address": "127.0.0.1",
        "netmask": "255.0.0.0",
        "family": "IPv4"
      }
    ],
    "host": "STZ-K0006349"
  },
  "javascriptStack": {
    "message": "No stack.",
    "stack": [
      "Unavailable."
    ]
  },
  "nativeStack": [
    {
      "pc": "0x00007ff78b181389",
      "symbol": "std::basic_ostream<char,std::char_traits<char> >::operator<<+10873"
    },
    {
      "pc": "0x00007ff78b1857cc",
      "symbol": "std::basic_ostream<char,std::char_traits<char> >::operator<<+28348"
    },
    {
      "pc": "0x00007ff78b184778",
      "symbol": "std::basic_ostream<char,std::char_traits<char> >::operator<<+24168"
    },
    {
      "pc": "0x00007ff78b27332b",
      "symbol": "v8::base::CPU::has_sse+37723"
    },
    {
      "pc": "0x00007ff78ba76f4e",
      "symbol": "v8::Isolate::ReportExternalAllocationLimitReached+94"
    },
    {
      "pc": "0x00007ff78ba5ef91",
      "symbol": "v8::SharedArrayBuffer::Externalize+833"
    },
    {
      "pc": "0x00007ff78b92c85c",
      "symbol": "v8::internal::Heap::EphemeronKeyWriteBarrierFromCode+1436"
    },
    {
      "pc": "0x00007ff78b937c00",
      "symbol": "v8::internal::Heap::ProtectUnprotectedMemoryChunks+1312"
    },
    {
      "pc": "0x00007ff78b934734",
      "symbol": "v8::internal::Heap::PageFlagsAreConsistent+3204"
    },
    {
      "pc": "0x00007ff78b929fc3",
      "symbol": "v8::internal::Heap::CollectGarbage+1283"
    },
    {
      "pc": "0x00007ff78b928794",
      "symbol": "v8::internal::Heap::AddRetainedMap+2356"
    },
    {
      "pc": "0x00007ff78b949a65",
      "symbol": "v8::internal::Factory::NewFillerObject+53"
    },
    {
      "pc": "0x00007ff78b6b6239",
      "symbol": "v8::internal::interpreter::JumpTableTargetOffsets::iterator::operator=+4057"
    },
    {
      "pc": "0x00007ff78bea2c6d",
      "symbol": "v8::internal::SetupIsolateDelegate::SetupHeap+567949"
    },
    {
      "pc": "0x000003faccd075fa",
      "symbol": ""
    }
  ],
  "javascriptHeap": {
    "totalMemory": 2152157184,
    "totalCommittedMemory": 2152157184,
    "usedMemory": 2137942680,
    "availableMemory": 47981976,
    "memoryLimit": 2197815296,
    "heapSpaces": {
      "read_only_space": {
        "memorySize": 262144,
        "committedMemory": 262144,
        "capacity": 261872,
        "used": 32296,
        "available": 229576
      },
      "new_space": {
        "memorySize": 2097152,
        "committedMemory": 2097152,
        "capacity": 1047488,
        "used": 104784,
        "available": 942704
      },
      "old_space": {
        "memorySize": 1478602752,
        "committedMemory": 1478602752,
        "capacity": 1473919984,
        "used": 1473815888,
        "available": 104096
      },
      "code_space": {
        "memorySize": 2260992,
        "committedMemory": 2260992,
        "capacity": 1833920,
        "used": 1833920,
        "available": 0
      },
      "map_space": {
        "memorySize": 8392704,
        "committedMemory": 8392704,
        "capacity": 2739200,
        "used": 2739200,
        "available": 0
      },
      "large_object_space": {
        "memorySize": 659918848,
        "committedMemory": 659918848,
        "capacity": 658866192,
        "used": 658866192,
        "available": 0
      },
      "code_large_object_space": {
        "memorySize": 622592,
        "committedMemory": 622592,
        "capacity": 550400,
        "used": 550400,
        "available": 0
      },
      "new_large_object_space": {
        "memorySize": 0,
        "committedMemory": 0,
        "capacity": 1047488,
        "used": 0,
        "available": 1047488
      }
    }
  },
  "resourceUsage": {
    "userCpuSeconds": 166.031,
    "kernelCpuSeconds": 25.156,
    "cpuConsumptionPercent": 6.24998,
    "maxRss": 1934577664,
    "pageFaults": {
      "IORequired": 1686210,
      "IONotRequired": 0
    },
    "fsActivity": {
      "reads": 5006,
      "writes": 19
    }
  },
  "libuv": [
  ],
  "environmentVariables": {
    "": "::=::\\",
    "": "C:=C:\\Users\\ansabbav\\Documents\\Repos\\Customer-form-new",
    "ALLUSERSPROFILE": "C:\\ProgramData",
    "APPDATA": "C:\\Users\\ansabbav\\AppData\\Roaming",
    "BROWSERSLIST_IGNORE_OLD_DATA": "1",
    "CommonProgramFiles": "C:\\Program Files\\Common Files",
    "CommonProgramFiles(x86)": "C:\\Program Files (x86)\\Common Files",
    "CommonProgramW6432": "C:\\Program Files\\Common Files",
    "COMPUTERNAME": "STZ-K0006349",
    "ComSpec": "C:\\Windows\\system32\\cmd.exe",
    "COPLIB": "C:\\Program Files (x86)\\Teradata\\Client\\13.0\\CLIv2\\",
    "DataConnectorLibPath": "C:\\Program Files\\Teradata\\Client\\13.0\\bin",
    "DEFLOGDIR": "C:\\ProgramData\\McAfee\\Endpoint Security\\Logs",
    "dp0": "C:\\Users\\ansabbav\\AppData\\Roaming\\npm\\",
    "DriverData": "C:\\Windows\\System32\\Drivers\\DriverData",
    "FPS_BROWSER_APP_PROFILE_STRING": "Internet Explorer",
    "FPS_BROWSER_USER_PROFILE_STRING": "Default",
    "HOMEDRIVE": "H:",
    "HOMEPATH": "\\",
    "HOMESHARE": "\\\\ussctinffswp01v\\users\\ansabbav",
    "LOCALAPPDATA": "C:\\Users\\ansabbav\\AppData\\Local",
    "LOGONSERVER": "\\\\USSCTINFDCWP01V",
    "NUMBER_OF_PROCESSORS": "4",
    "OneDrive": "C:\\Users\\Administrator\\OneDrive",
    "OS": "Windows_NT",
    "Path": "C:\\Oracle11g\\product\\11.2.0\\dbhome_1\\bin;C:\\Program Files\\Teradata\\Client\\13.0\\AXSMOD\\;C:\\Program Files (x86)\\Teradata\\Client\\13.0\\Bin;C:\\Program Files\\Teradata\\Client\\13.0\\bin;C:\\Program Files\\Teradata\\Client\\13.0\\bin;C:\\Program Files (x86)\\Teradata\\Client\\13.0\\CLIv2\\;C:\\Program Files\\Teradata\\Client\\13.0\\CLIv2\\;C:\\Program Files (x86)\\Teradata\\Client\\13.0\\ODBC Driver for Teradata\\Lib;C:\\Program Files\\Teradata\\Client\\13.0\\ODBC Driver for Teradata\\Lib;C:\\Program Files (x86)\\Common Files\\Oracle\\Java\\javapath;C:\\Windows\\system32;C:\\Windows;C:\\Windows\\System32\\Wbem;C:\\Windows\\System32\\WindowsPowerShell\\v1.0\\;C:\\Windows\\System32\\OpenSSH\\;C:\\Program Files\\Intel\\WiFi\\bin\\;C:\\Program Files\\Common Files\\Intel\\WirelessCommon\\;C:\\Program Files\\McAfee\\Solidcore\\Tools\\GatherInfo;C:\\Program Files\\McAfee\\Solidcore\\Tools\\Scanalyzer;C:\\Program Files\\McAfee\\Solidcore\\;C:\\Program Files\\McAfee\\Solidcore\\Tools\\ScGetCerts;C:\\Program Files\\Teradata\\Client\\13.0\\Shared ICU Libraries for Teradata\\lib\\;C:\\Program Files (x86)\\Teradata\\Client\\13.0\\Shared ICU Libraries for Teradata\\lib\\;C:\\Program Files\\PuTTY\\;C:\\Program Files (x86)\\Reflection\\;C:\\Program Files\\nodejs\\;C:\\instantclient_12_2;C:\\wamp64\\bin\\mysql\\mysql5.7.28\\bin;C:\\wamp64\\bin\\php\\php7.3.12;C:\\ProgramData\\ComposerSetup\\bin;C:\\Users\\ansabbav\\AppData\\Local\\Microsoft\\WindowsApps;C:\\Users\\ansabbav\\AppData\\Local\\Programs\\Git\\cmd;C:\\Users\\ansabbav\\AppData\\Local\\Programs\\Microsoft VS Code\\bin;C:\\Users\\ansabbav\\AppData\\Roaming\\npm;C:\\Users\\ansabbav\\AppData\\Roaming\\Composer\\vendor\\bin",
    "PATHEXT": ".COM;.EXE;.BAT;.CMD;.VBS;.VBE;.JSE;.WSF;.WSH;.MSC",
    "PROCESSOR_ARCHITECTURE": "AMD64",
    "PROCESSOR_IDENTIFIER": "Intel64 Family 6 Model 78 Stepping 3, GenuineIntel",
    "PROCESSOR_LEVEL": "6",
    "PROCESSOR_REVISION": "4e03",
    "ProgramData": "C:\\ProgramData",
    "ProgramFiles": "C:\\Program Files",
    "ProgramFiles(x86)": "C:\\Program Files (x86)",
    "ProgramW6432": "C:\\Program Files",
    "PROMPT": "$P$G",
    "PSModulePath": "C:\\Program Files\\WindowsPowerShell\\Modules;C:\\Windows\\system32\\WindowsPowerShell\\v1.0\\Modules",
    "PUBLIC": "C:\\Users\\Public",
    "SESSIONNAME": "Console",
    "SystemDrive": "C:",
    "SystemRoot": "C:\\Windows",
    "TEMP": "C:\\Users\\ansabbav\\AppData\\Local\\Temp",
    "TMP": "C:\\Users\\ansabbav\\AppData\\Local\\Temp",
    "USERDNSDOMAIN": "APLL.COM",
    "USERDOMAIN": "APLL",
    "USERDOMAIN_ROAMINGPROFILE": "APLL",
    "USERNAME": "ANSABBAV",
    "USERPROFILE": "C:\\Users\\ansabbav",
    "WEBPACK_DEV_SERVER": "true",
    "windir": "C:\\Windows",
    "_prog": "node"
  },
  "sharedObjects": [
    "C:\\Program Files\\nodejs\\node.exe",
    "C:\\Windows\\SYSTEM32\\ntdll.dll",
    "C:\\Windows\\System32\\KERNEL32.DLL",
    "C:\\Windows\\System32\\KERNELBASE.dll",
    "C:\\Windows\\System32\\WS2_32.dll",
    "C:\\Windows\\System32\\RPCRT4.dll",
    "C:\\Windows\\SYSTEM32\\dbghelp.dll",
    "C:\\Windows\\System32\\ADVAPI32.dll",
    "C:\\Windows\\System32\\ucrtbase.dll",
    "C:\\Windows\\System32\\msvcrt.dll",
    "C:\\Windows\\System32\\sechost.dll",
    "C:\\Windows\\System32\\USER32.dll",
    "C:\\Windows\\System32\\win32u.dll",
    "C:\\Windows\\System32\\GDI32.dll",
    "C:\\Windows\\System32\\gdi32full.dll",
    "C:\\Windows\\System32\\msvcp_win.dll",
    "C:\\Windows\\System32\\PSAPI.DLL",
    "C:\\Windows\\System32\\CRYPT32.dll",
    "C:\\Windows\\SYSTEM32\\IPHLPAPI.DLL",
    "C:\\Windows\\System32\\MSASN1.dll",
    "C:\\Windows\\SYSTEM32\\USERENV.dll",
    "C:\\Windows\\System32\\bcrypt.dll",
    "C:\\Windows\\System32\\profapi.dll",
    "C:\\Windows\\SYSTEM32\\WINMM.dll",
    "C:\\Windows\\SYSTEM32\\winmmbase.dll",
    "C:\\Windows\\System32\\cfgmgr32.dll",
    "C:\\Windows\\System32\\bcryptPrimitives.dll",
    "C:\\Windows\\System32\\IMM32.DLL",
    "C:\\Windows\\System32\\powrprof.dll",
    "C:\\Windows\\System32\\UMPDC.dll",
    "C:\\Windows\\system32\\uxtheme.dll",
    "C:\\Windows\\System32\\combase.dll",
    "C:\\Windows\\system32\\mswsock.dll",
    "C:\\Windows\\System32\\kernel.appcore.dll",
    "C:\\Windows\\SYSTEM32\\CRYPTBASE.DLL",
    "C:\\Windows\\System32\\NSI.dll",
    "C:\\Windows\\SYSTEM32\\dhcpcsvc6.DLL",
    "C:\\Windows\\SYSTEM32\\dhcpcsvc.DLL",
    "C:\\Windows\\SYSTEM32\\DNSAPI.dll",
    "C:\\Windows\\System32\\rasadhlp.dll",
    "C:\\Windows\\System32\\fwpuclnt.dll",
    "C:\\Windows\\system32\\napinsp.dll",
    "C:\\Windows\\system32\\pnrpnsp.dll",
    "C:\\Windows\\System32\\winrnr.dll",
    "C:\\Windows\\system32\\NLAapi.dll",
    "C:\\Windows\\system32\\wshbth.dll"
  ]
}