{
	"success": true,
	"data": {
		"ih": {
			"INVOICE_NBR": "AA4N000023",
			"ACS_CUST_ACCT_CD": "MARMAX",
			"ORIG_PORT_CD": "AA4   ",
			"INVOICE_STATUS_CD": "P ",
			"OI_FNL_PRT_RD_FLG": "N",
			"INVOICE_DT": "2017-07-09T18:30:00.000Z",
			"VOYAGE_NBR": 10016,
			"FEEDER_VESSEL_NME": "LH                  ",
			"MOTHER_VESSEL_NME": "LH                  ",
			"SHPMT_ORIG_PORT_CD": "AA4   ",
			"FEEDER_VV_NBR": "599       ",
			"MOTHER_VV_NBR": "599       ",
			"SAILING_DT": "2017-06-24T18:30:00.000Z",
			"DEST_PORT_CD": "LHR   ",
			"TR_TO_PORT_CD": "LON   ",
			"BILLING_CD": "TKMAXX",
			"RRS_ACCT_CD": "8173827",
			"PAY_CURRENCY_CD": "GBP",
			"SEC_PAY_CURR_CD": "   ",
			"SEC_EXCHANGE_RATE": 0,
			"OLD_INVOICE_NBR": "          ",
			"INVC_SEQ_NBR": 0,
			"NEW_INVOICE_NBR": "          ",
			"BILL_CITY_NME": "WATFORD                                 ",
			"BILL_STATE_CD": "  ",
			"BILL_POSTAL_CD": "WD17 1TX       ",
			"BILL_CTY_CD": "UK",
			"TRF_TO_PORT_DT": "2017-07-12T18:30:00.000Z",
			"REMIT_CD": "LON",
			"REMIT_NAME": "APL LOGISTICS UK-                                 ",
			"REMIT_ADDR1": "2ND FLOOR, GREDLEY HOUSE, 11 BROADWAY             ",
			"REMIT_ADDR2": "STRATFORD, LONDON E15 4BQ, UNITED KINGDOM         ",
			"REMIT_ADDR3": "USD: MUFG 60-01-09 A/C 00317495                   ",
			"REMIT_ADDR4": "EUR: MUFG 60-01-09 A/C 00317461                   ",
			"EOS_EXTRACT_FLG": "T",
			"MAN_INVOICE_FLG": "Y",
			"RRS_INTER_TSTAMP": "0000-12-29T18:30:00.000Z",
			"NETTRAC_TRANS_TS": "0000-12-29T18:30:00.000Z",
			"IN_BRK_LEVEL1_CD": " ",
			"IN_BRK_VAL_LEVEL1": "                    ",
			"IN_BRK_VAL_LEVEL2": "                    ",
			"REMIT_CITY_NME": "LONDON                                  ",
			"REMIT_STATE_CD": "  ",
			"REMIT_POSTAL_CD": "E15 4BQ        ",
			"REM_CTY_CD": "UK",
			"EDI_STATUS_CD": "R",
			"EDI_AIF_TSTAMP": "0000-12-29T18:30:00.000Z",
			"INLAND_INV_FLG": "\u0000",
			"CREATE_USER_ID_CD": "AACSMDD ",
			"CREATE_LOCAL_TS": "2017-07-10T05:05:35.000Z",
			"LST_UPD_USER_ID_CD": "A1OI12B1",
			"LST_UPD_LOCAL_TS": "2017-07-16T21:20:12.318Z",
			"F_PRT_USER_ID_CD": "AACSKDB ",
			"LST_PRT_USER_ID_CD": "OAKY2K00",
			"VOID_REASON_CD": "    ",
			"LSS_INV_NBR": null,
			"LSS_STATUS_FLG": null,
			"LSS_STS_CD": null
		},
		"ig": {
			"INVOICE_NBR": "AA4N000023",
			"ACS_CUST_ACCT_CD": "MARMAX",
			"INVOICE_DT": "2017-07-09T18:30:00.000Z",
			"SERVICE_DATE": "2017-07-08T18:30:00.000Z",
			"ORIG_PORT_CD": "AA4   ",
			"VOYAGE_NBR": 10016,
			"DEST_PORT_CD": "LHR   ",
			"INVOICE_STATUS_CD": "P ",
			"IN_BRK_VAL_LEVEL1": "                    ",
			"IN_BRK_VAL_LEVEL2": "                    ",
			"TR_TO_PORT_CD": "LON   ",
			"CR_DR_FL": null,
			"CURRENCY_CD": "USD",
			"VAT_ID_NBR": "662563524000             ",
			"AMOUNT_2": 32.230000000000004,
			"INV_CHRG_TAX_AMT": 0,
			"SEC_PAY_CURR_CD": "   ",
			"SEQ_NBR": 5,
			"CHARGE_CD": "ALMS  ",
			"CHARGE_DESC": "AIR LOGISTICS MANAGEMENT FEE  ",
			"UNIT_CD_1": "HAWB",
			"QUANTITY_1": 1,
			"RATE": 40,
			"MAN_CHRG_FLG": "M",
			"SERVICE_TYPE_CD": "EAS",
			"INVC_CHRG_REF_NBR": "             ",
			"AMOUNT_1": 40,
			"EXCHANGE_RATE": 0.8057000000000001,
			"LOAD_TYPE_CD": " ",
			"INV_CHRG_TAX_CD": "  ",
			"INV_CHRG_TAX_PCT": 0,
			"REV_VAT_FLG": "N"
		},
		"id": {
			"INVOICE_NBR": "AA4N000023",
			"ACS_CUST_ACCT_CD": "MARMAX",
			"INVOICE_DT": "2017-07-09T18:30:00.000Z",
			"SERVICE_DATE": "2017-07-08T18:30:00.000Z",
			"ORIG_PORT_CD": "AA4   ",
			"VOYAGE_NBR": 10016,
			"DEST_PORT_CD": "LHR   ",
			"INVOICE_STATUS_CD": "P ",
			"IN_BRK_VAL_LEVEL1": "                    ",
			"IN_BRK_VAL_LEVEL2": "                    ",
			"TR_TO_PORT_CD": "LON   ",
			"CHARGE_CD": "ALMS  ",
			"CHARGE_DESC": "AIR LOGISTICS MANAGEMENT FEE  ",
			"SEQ_NBR": 5,
			"SERVICE_TYPE_CD": "EAS",
			"LOAD_TYPE_CD": " ",
			"GOH_FLAG": "N",
			"QUANTITY_1": 1,
			"UNIT_CD_1": "HAWB",
			"VALUE_OF_UNIT_1": "          ",
			"QUANTITY_2": 0,
			"UNIT_CD_2": "    ",
			"VALUE_OF_UNIT_2": "          ",
			"RATE": 40,
			"CURRENCY_CD": "USD",
			"CHARGE_PORT_CD": "AA4   ",
			"AMOUNT_1": 40,
			"CALC_METHOD_CD": "M",
			"MIN_ADJ_FLG": "N",
			"RATE_METHOD_CD": "S ",
			"MAN_CHRG_FLG": "M",
			"PAY_CURRENCY_CD": "GBP",
			"REV_VAT_FLG": "N",
			"MAX_ADJ_FLG": " ",
			"EXCHANGE_RATE": 0.8057000000000001,
			"INV_CHRG_TAX_PCT": 0,
			"INV_CHRG_TAX_AMT": 0,
			"AMOUNT_2": 32.230000000000004,
			"INV_CHRG_TAX_CD": "  ",
			"CREATE_USER_ID_CD": "AACSMDD ",
			"CREATE_TSTAMP": "2017-07-12T20:00:25.415Z",
			"LST_UPD_USER_ID_CD": "AACSKDB ",
			"LST_UPD_TSTAMP": "2017-07-12T20:17:31.427Z"
		}
	}
}